release	escape	name	sizes
535.129.03	0x27	RM_ALLOC_MEMORY	56
535.129.03	0x29	RM_FREE	16
535.129.03	0x2a	RM_CONTROL	32
535.129.03	0x2b	RM_ALLOC	48,32
535.129.03	0x34	RM_DUP_OBJECT	28
535.129.03	0x35	RM_SHARE	24
535.129.03	0x41	RM_IDLE_CHANNELS	56
535.129.03	0x4a	RM_VID_HEAP_CONTROL	184
535.129.03	0x4e	RM_MAP_MEMORY	56
535.129.03	0x4f	RM_UNMAP_MEMORY	32
535.129.03	0x52	RM_GET_EVENT_DATA	16
535.129.03	0x54	RM_ALLOC_CONTEXT_DMA2	56
535.129.03	0x57	RM_MAP_MEMORY_DMA	56
535.129.03	0x58	RM_UNMAP_MEMORY_DMA	40
535.129.03	0x5e	RM_UPDATE_DEVICE_MAPPING_INFO	40
535.129.03	0xc8	CARD_INFO	any
535.129.03	0xc9	REGISTER_FD	4
535.129.03	0xce	ALLOC_OS_EVENT	16
535.129.03	0xcf	FREE_OS_EVENT	16
535.129.03	0xd2	CHECK_VERSION_STR	72
535.129.03	0xd4	ATTACH_GPUS_TO_FD	any
535.129.03	0xd6	SYS_PARAMS	8
535.129.03	0xd7	NUMA_INFO	any
535.129.03	0xd9	EXPORT_TO_DMABUF_FD	2600
565.57.01	0x27	RM_ALLOC_MEMORY	56
565.57.01	0x29	RM_FREE	16
565.57.01	0x2a	RM_CONTROL	32
565.57.01	0x2b	RM_ALLOC	48,32
565.57.01	0x34	RM_DUP_OBJECT	28
565.57.01	0x35	RM_SHARE	24
565.57.01	0x41	RM_IDLE_CHANNELS	56
565.57.01	0x4a	RM_VID_HEAP_CONTROL	184
565.57.01	0x4e	RM_MAP_MEMORY	56
565.57.01	0x4f	RM_UNMAP_MEMORY	32
565.57.01	0x52	RM_GET_EVENT_DATA	16
565.57.01	0x54	RM_ALLOC_CONTEXT_DMA2	56
565.57.01	0x57	RM_MAP_MEMORY_DMA	56
565.57.01	0x58	RM_UNMAP_MEMORY_DMA	48
565.57.01	0x5e	RM_UPDATE_DEVICE_MAPPING_INFO	40
565.57.01	0xc8	CARD_INFO	any
565.57.01	0xc9	REGISTER_FD	4
565.57.01	0xce	ALLOC_OS_EVENT	16
565.57.01	0xcf	FREE_OS_EVENT	16
565.57.01	0xd2	CHECK_VERSION_STR	72
565.57.01	0xd4	ATTACH_GPUS_TO_FD	any
565.57.01	0xd6	SYS_PARAMS	8
565.57.01	0xd7	NUMA_INFO	any
565.57.01	0xd9	EXPORT_TO_DMABUF_FD	2600
565.57.01	0xda	WAIT_OPEN_COMPLETE	8
580.178.04	0x27	RM_ALLOC_MEMORY	56
580.178.04	0x29	RM_FREE	16
580.178.04	0x2a	RM_CONTROL	32
580.178.04	0x2b	RM_ALLOC	48,32
580.178.04	0x34	RM_DUP_OBJECT	28
580.178.04	0x35	RM_SHARE	24
580.178.04	0x41	RM_IDLE_CHANNELS	56
580.178.04	0x4a	RM_VID_HEAP_CONTROL	184
580.178.04	0x4e	RM_MAP_MEMORY	56
580.178.04	0x4f	RM_UNMAP_MEMORY	32
580.178.04	0x52	RM_GET_EVENT_DATA	16
580.178.04	0x54	RM_ALLOC_CONTEXT_DMA2	56
580.178.04	0x57	RM_MAP_MEMORY_DMA	64
580.178.04	0x58	RM_UNMAP_MEMORY_DMA	48
580.178.04	0x5e	RM_UPDATE_DEVICE_MAPPING_INFO	40
580.178.04	0xc8	CARD_INFO	any
580.178.04	0xc9	REGISTER_FD	4
580.178.04	0xce	ALLOC_OS_EVENT	16
580.178.04	0xcf	FREE_OS_EVENT	16
580.178.04	0xd2	CHECK_VERSION_STR	72
580.178.04	0xd4	ATTACH_GPUS_TO_FD	any
580.178.04	0xd6	SYS_PARAMS	8
580.178.04	0xd7	NUMA_INFO	any
580.178.04	0xd9	EXPORT_TO_DMABUF_FD	2608
580.178.04	0xda	WAIT_OPEN_COMPLETE	8
595.71.05	0x27	RM_ALLOC_MEMORY	56
595.71.05	0x29	RM_FREE	16
595.71.05	0x2a	RM_CONTROL	32
595.71.05	0x2b	RM_ALLOC	48,32
595.71.05	0x34	RM_DUP_OBJECT	28
595.71.05	0x35	RM_SHARE	24
595.71.05	0x41	RM_IDLE_CHANNELS	56
595.71.05	0x4a	RM_VID_HEAP_CONTROL	184
595.71.05	0x4e	RM_MAP_MEMORY	56
595.71.05	0x4f	RM_UNMAP_MEMORY	32
595.71.05	0x52	RM_GET_EVENT_DATA	16
595.71.05	0x54	RM_ALLOC_CONTEXT_DMA2	56
595.71.05	0x57	RM_MAP_MEMORY_DMA	64
595.71.05	0x58	RM_UNMAP_MEMORY_DMA	48
595.71.05	0x5e	RM_UPDATE_DEVICE_MAPPING_INFO	40
595.71.05	0xc8	CARD_INFO	any
595.71.05	0xc9	REGISTER_FD	4
595.71.05	0xce	ALLOC_OS_EVENT	16
595.71.05	0xcf	FREE_OS_EVENT	16
595.71.05	0xd2	CHECK_VERSION_STR	72
595.71.05	0xd4	ATTACH_GPUS_TO_FD	any
595.71.05	0xd6	SYS_PARAMS	8
595.71.05	0xd7	NUMA_INFO	any
595.71.05	0xd9	EXPORT_TO_DMABUF_FD	2608
595.71.05	0xda	WAIT_OPEN_COMPLETE	8
610.57.04	0x27	RM_ALLOC_MEMORY	56
610.57.04	0x29	RM_FREE	16
610.57.04	0x2a	RM_CONTROL	32
610.57.04	0x2b	RM_ALLOC	48,32
610.57.04	0x34	RM_DUP_OBJECT	28
610.57.04	0x35	RM_SHARE	24
610.57.04	0x41	RM_IDLE_CHANNELS	56
610.57.04	0x4a	RM_VID_HEAP_CONTROL	184
610.57.04	0x4e	RM_MAP_MEMORY	56
610.57.04	0x4f	RM_UNMAP_MEMORY	32
610.57.04	0x52	RM_GET_EVENT_DATA	16
610.57.04	0x54	RM_ALLOC_CONTEXT_DMA2	56
610.57.04	0x57	RM_MAP_MEMORY_DMA	64
610.57.04	0x58	RM_UNMAP_MEMORY_DMA	48
610.57.04	0x5e	RM_UPDATE_DEVICE_MAPPING_INFO	40
610.57.04	0xc8	CARD_INFO	any
610.57.04	0xc9	REGISTER_FD	4
610.57.04	0xce	ALLOC_OS_EVENT	16
610.57.04	0xcf	FREE_OS_EVENT	16
610.57.04	0xd2	CHECK_VERSION_STR	72
610.57.04	0xd4	ATTACH_GPUS_TO_FD	any
610.57.04	0xd6	SYS_PARAMS	8
610.57.04	0xd7	NUMA_INFO	any
610.57.04	0xd9	EXPORT_TO_DMABUF_FD	2608
610.57.04	0xda	WAIT_OPEN_COMPLETE	8
